name,link,image_filename,image_url
Happy Baby Sex Position,https://www.christianfriendlysexpositions.com/happy-baby/,Happy-Baby-Sex-Position-1.webp,https://www.christianfriendlysexpositions.com/wp-content/uploads/Happy-Baby-Sex-Position-Illustration-720x400.webp
Mating Press Sex Position,https://www.christianfriendlysexpositions.com/mating-press/,Mating-Press-Sex-Position-1.webp,https://www.christianfriendlysexpositions.com/wp-content/uploads/Mating-Press-Sex-Position-720x400.webp
Ace Sex Position,https://www.christianfriendlysexpositions.com/ace/,Ace-Sex-Position-1.webp,https://www.christianfriendlysexpositions.com/wp-content/uploads/Ace-Sex-Position-Illustration-720x400.webp
Hooked On You Sex Position,https://www.christianfriendlysexpositions.com/hooked-on-you/,Hooked-On-You-Sex-Position-1.webp,https://www.christianfriendlysexpositions.com/wp-content/uploads/Hooked-On-You-Sex-Position-Illustration-720x400.webp
Sitin’ On the Edge Blowjob Position,https://www.christianfriendlysexpositions.com/sitin-on-the-edge/,Sitin-On-the-Edge-Blowjob-Position-1.webp,https://www.christianfriendlysexpositions.com/wp-content/uploads/Sitin-On-the-Edge-Fellatio-Position-720x400.webp
Doggy on the Bench Sex Position,https://www.christianfriendlysexpositions.com/doggy-on-the-bench/,Doggy-on-the-Bench-Sex-Position-1.webp,https://www.christianfriendlysexpositions.com/wp-content/uploads/Doggy-on-the-Bench-Sex-Position-720x400.webp
Sliding Twin Fawns Breast Sex Position,https://www.christianfriendlysexpositions.com/sliding-twin-fawns/,Sliding-Twin-Fawns-Breast-Sex-Position-1.webp,https://www.christianfriendlysexpositions.com/wp-content/uploads/Sliding-Twin-Fawns-Breast-Sex-Position-720x400.webp
Jockey Sex Position,https://www.christianfriendlysexpositions.com/jockey/,Jockey-Sex-Position-1.webp,https://www.christianfriendlysexpositions.com/wp-content/uploads/Jockey-Sex-Position-720x400.webp
Lovely Sex Position,https://www.christianfriendlysexpositions.com/lovely/,Lovely-Sex-Position-1.webp,https://www.christianfriendlysexpositions.com/wp-content/uploads/Lovely-Sex-Position-720x400.webp
X Sex Position,https://www.christianfriendlysexpositions.com/x/,X-Sex-Position-1.webp,https://www.christianfriendlysexpositions.com/wp-content/uploads/X-Sex-Position-720x400.webp
Smooth Operator Sex Position,https://www.christianfriendlysexpositions.com/smooth-operator/,Smooth-Operator-Sex-Position.webp,https://www.christianfriendlysexpositions.com/wp-content/uploads/Smooth-Operator-Sex-Position-720x400.webp
Thrustastic Blowjob Position,https://www.christianfriendlysexpositions.com/thrustastic/,Thrustastic-Blowjob-Position.webp,https://www.christianfriendlysexpositions.com/wp-content/uploads/Thrustastic-Blowjob-Position-720x400.webp
Banana Pancakes Sex Position,https://www.christianfriendlysexpositions.com/banana-pancakes/,Banana-Pancakes-Sex-Position.webp,https://www.christianfriendlysexpositions.com/wp-content/uploads/Banana-Pancakes-Sex-Position-720x400.webp
Prime Time Sex Position,https://www.christianfriendlysexpositions.com/prime-time/,Prime-Time-Sex-Position.webp,https://www.christianfriendlysexpositions.com/wp-content/uploads/Prime-Time-Sex-Position-720x400.webp
Grinder Sex Position,https://www.christianfriendlysexpositions.com/grinder/,Grinder-Sex-Position.webp,https://www.christianfriendlysexpositions.com/wp-content/uploads/Grinder-Sex-Position-720x400.webp
Reach for the Stars Sex Position,https://www.christianfriendlysexpositions.com/reach-for-the-stars/,Reach-for-the-Stars-Sex-Position.webp,https://www.christianfriendlysexpositions.com/wp-content/uploads/Reach-for-the-Stars-Sex-Position-720x400.webp
Lustful Cobra Sex Position,https://www.christianfriendlysexpositions.com/lustful-cobra/,Lustful-Cobra-Sex-Position.webp,https://www.christianfriendlysexpositions.com/wp-content/uploads/Lustful-Cobra-Sex-Position-720x400.webp
Pleasure Garden 69 Oral Sex Position,https://www.christianfriendlysexpositions.com/pleasure-garden-69/,Pleasure-Garden-69-Oral-Sex-Position.webp,https://www.christianfriendlysexpositions.com/wp-content/uploads/Pleasure-Garden-69-Oral-Sex-Position-720x400.webp
Prone Bone Sex Position,https://www.christianfriendlysexpositions.com/prone-bone/,Prone-Bone-Sex-Position.webp,https://www.christianfriendlysexpositions.com/wp-content/uploads/Prone-Bone-Sex-Position-720x400.webp
Lovebug Handjob Position,https://www.christianfriendlysexpositions.com/lovebug/,Lovebug-Handjob-Position.webp,https://www.christianfriendlysexpositions.com/wp-content/uploads/Lovebug-Handjob-Position-720x400.webp
Layover Sex Position,https://www.christianfriendlysexpositions.com/layover/,Layover-Sex-Position.webp,https://www.christianfriendlysexpositions.com/wp-content/uploads/Layover-Sex-Position-720x400.webp
Over Easy Sex Position,https://www.christianfriendlysexpositions.com/over-easy/,Over-Easy-Sex-Position.webp,https://www.christianfriendlysexpositions.com/wp-content/uploads/Over-Easy-Sex-Position-720x400.webp
Eleven O’Clock Cunnilingus Position,https://www.christianfriendlysexpositions.com/eleven-oclock/,Eleven-OClock-Cunnilingus-Position.webp,https://www.christianfriendlysexpositions.com/wp-content/uploads/Eleven-O-Clock-Cunnilingus-Position-720x400.webp
Splitting Queen Sex Position,https://www.christianfriendlysexpositions.com/splitting-queen/,Splitting-Queen-Sex-Position.webp,https://www.christianfriendlysexpositions.com/wp-content/uploads/Splitting-Queen-Sex-Position-720x400.webp
Sofa Press Sex Position,https://www.christianfriendlysexpositions.com/sofa-press/,Sofa-Press-Sex-Position.webp,https://www.christianfriendlysexpositions.com/wp-content/uploads/Sofa-Press-Sex-Position-720x400.webp
Dragonfly Sex Position,https://www.christianfriendlysexpositions.com/dragonfly/,Dragonfly-Sex-Position.webp,https://www.christianfriendlysexpositions.com/wp-content/uploads/Dragonfly-Sex-Position-720x400.webp
Reverse Cowgirl Sex Position,https://www.christianfriendlysexpositions.com/reverse-cowgirl/,Reverse-Cowgirl-Sex-Position.webp,https://www.christianfriendlysexpositions.com/wp-content/uploads/Reverse-Cowgirl-Sex-Position-720x400.webp
Reverse Missionary Sex Position,https://www.christianfriendlysexpositions.com/reverse-missionary/,Reverse-Missionary-Sex-Position.webp,https://www.christianfriendlysexpositions.com/wp-content/uploads/Reverse-Missionary-Sex-Position-720x400.webp
Standing Missionary Sex Position,https://www.christianfriendlysexpositions.com/standing-missionary/,Standing-Missionary-Sex-Position.webp,https://www.christianfriendlysexpositions.com/wp-content/uploads/Standing-Missionary-Sex-Position-720x400.webp
Let’s Dance Sex Position,https://www.christianfriendlysexpositions.com/lets-dance/,Lets-Dance-Sex-Position.webp,https://www.christianfriendlysexpositions.com/wp-content/uploads/Lets-Dance-Sex-Position-720x400.webp
Ice Sculpture Sex Position,https://www.christianfriendlysexpositions.com/ice-sculpture/,Ice-Sculpture-Sex-Position.webp,https://www.christianfriendlysexpositions.com/wp-content/uploads/Ice-Sculpture-Sex-Position-720x400.webp
69 Yin-Yang Oral Sex Position,https://www.christianfriendlysexpositions.com/69-yin-yang/,69-Yin-Yang-Oral-Sex-Position.webp,https://www.christianfriendlysexpositions.com/wp-content/uploads/69-Yin-Yang-Oral-Sex-Position-720x400.webp
Hold Me Manual Stimulation Position,https://www.christianfriendlysexpositions.com/hold-me/,Hold-Me-Manual-Stimulation-Position.webp,https://www.christianfriendlysexpositions.com/wp-content/uploads/Hold-Me-Manual-Stimulation-Position-720x400.webp
Lap Dance Sex Position,https://www.christianfriendlysexpositions.com/lap-dance/,Lap-Dance-Sex-Position.webp,https://www.christianfriendlysexpositions.com/wp-content/uploads/Lap-Dance-Sex-Position-720x400.webp
Gettin’ Jiggy With It Sex Position,https://www.christianfriendlysexpositions.com/gettin-jiggy-with-it/,Gettin-Jiggy-With-It-Sex-Position.webp,https://www.christianfriendlysexpositions.com/wp-content/uploads/Gettin-Jiggy-With-It-Sex-Position-720x400.webp
Rocket Sled Sex Position,https://www.christianfriendlysexpositions.com/rocket-sled/,Rocket-Sled-Sex-Position.webp,https://www.christianfriendlysexpositions.com/wp-content/uploads/Rocket-Sled-Sex-Position-720x400.webp
M and M Manual Stimulation Position,https://www.christianfriendlysexpositions.com/m-and-m/,M-and-M-Manual-Stimulation-Position.webp,https://www.christianfriendlysexpositions.com/wp-content/uploads/M-and-M-Manual-Stimulation-Position-720x400.webp
Fire Hydrant Fellatio Position,https://www.christianfriendlysexpositions.com/fire-hydrant/,Fire-Hydrant-Fellatio-Position.webp,https://www.christianfriendlysexpositions.com/wp-content/uploads/Fire-Hydrant-Fellatio-Position-720x400.webp
Oath Manual Stimulation Position,https://www.christianfriendlysexpositions.com/oath/,Oath-Manual-Stimulation-Position.webp,https://www.christianfriendlysexpositions.com/wp-content/uploads/Oath-Manual-Stimulation-Position-720x400.webp
Ice Cream Sex Position,https://www.christianfriendlysexpositions.com/ice-cream/,Ice-Cream-Sex-Position.webp,https://www.christianfriendlysexpositions.com/wp-content/uploads/Ice-Cream-Sex-Position-720x400.webp
Duet Manual Stimulation Position,https://www.christianfriendlysexpositions.com/duet/,Duet-Manual-Stimulation-Position.webp,https://www.christianfriendlysexpositions.com/wp-content/uploads/Duet-Manual-Stimulation-Position-720x400.webp
Rabbit Manual Stimulation Position,https://www.christianfriendlysexpositions.com/rabbit/,Rabbit-Manual-Stimulation-Position.webp,https://www.christianfriendlysexpositions.com/wp-content/uploads/Rabbit-Manual-Stimulation-Position-720x400.webp
Clapper Sex Position,https://www.christianfriendlysexpositions.com/clapper/,Clapper-Sex-Position.webp,https://www.christianfriendlysexpositions.com/wp-content/uploads/Clapper-Sex-Position-720x400.webp
Big L Sex Position,https://www.christianfriendlysexpositions.com/big-l/,Big-L-Sex-Position.webp,https://www.christianfriendlysexpositions.com/wp-content/uploads/Big-L-Sex-Position-720x400.webp
Tight Missionary Sex Position,https://www.christianfriendlysexpositions.com/tight-missionary/,Tight-Missionary-Sex-Position.webp,https://www.christianfriendlysexpositions.com/wp-content/uploads/Tight-Missionary-Sex-Position-720x400.webp
Lube Tube Manual Stimulation Position,https://www.christianfriendlysexpositions.com/lube-tube/,Lube-Tube-Manual-Stimulation-Position.webp,https://www.christianfriendlysexpositions.com/wp-content/uploads/Lube-Tube-Manual-Stimulation-Position-720x400.webp
Standing Froggy Sex Position,https://www.christianfriendlysexpositions.com/standing-froggy/,Standing-Froggy-Sex-Position.webp,https://www.christianfriendlysexpositions.com/wp-content/uploads/Standing-Froggy-Sex-Position-720x400.webp
CAT Sex Position & Technique,https://www.christianfriendlysexpositions.com/cat/,CAT-Sex-Position-Technique.webp,https://www.christianfriendlysexpositions.com/wp-content/uploads/CAT-Sex-Position-720x400.webp
Fast and Furious Sex Position,https://www.christianfriendlysexpositions.com/fast-and-furious/,Fast-and-Furious-Sex-Position.webp,https://www.christianfriendlysexpositions.com/wp-content/uploads/Fast-and-Furious-Sex-Position-720x400.webp
Twin Hugs Breast Sex Position,https://www.christianfriendlysexpositions.com/twin-hugs/,Twin-Hugs-Breast-Sex-Position.webp,https://www.christianfriendlysexpositions.com/wp-content/uploads/Twin-Hugs-Breast-Sex-Position-720x400.webp
Happy Valley Breast Sex Position,https://www.christianfriendlysexpositions.com/happy-valley/,Happy-Valley-Breast-Sex-Position.webp,https://www.christianfriendlysexpositions.com/wp-content/uploads/Happy-Valley-Breast-Sex-Position-720x400.webp
Ta-Tas Breast Sex Position,https://www.christianfriendlysexpositions.com/ta-tas/,Ta-Tas-Breast-Sex-Position.webp,https://www.christianfriendlysexpositions.com/wp-content/uploads/Ta-Tas-Breast-Sex-Position-720x400.webp
Fire Starter Manual Stimulation Position,https://www.christianfriendlysexpositions.com/fire-starter/,Fire-Starter-Manual-Stimulation-Position.webp,https://www.christianfriendlysexpositions.com/wp-content/uploads/Fire-Starter-Manual-Stimulation-Position-720x400.webp
Edgy Sex Position,https://www.christianfriendlysexpositions.com/edgy/,Edgy-Sex-Position.webp,https://www.christianfriendlysexpositions.com/wp-content/uploads/Edgy-Sex-Position-720x400.webp
Inverted Spoon Sex Position,https://www.christianfriendlysexpositions.com/inverted-spoon/,Inverted-Spoon-Sex-Position.webp,https://www.christianfriendlysexpositions.com/wp-content/uploads/Inverted-Spoon-Sex-Position-720x400.webp
Top Chick Manual Stimulation Position,https://www.christianfriendlysexpositions.com/top-chick/,Top-Chick-Manual-Stimulation-Position.webp,https://www.christianfriendlysexpositions.com/wp-content/uploads/Top-Chick-Manual-Stimulation-Position-720x400.webp
Camel Style 1 Sex Position,https://www.christianfriendlysexpositions.com/camel-style-1/,Camel-Style-1-Sex-Position.webp,https://www.christianfriendlysexpositions.com/wp-content/uploads/Camel-Style-1-Sex-Position-720x400.webp
Camel Style Sex Position,https://www.christianfriendlysexpositions.com/camel-style/,Camel-Style-Sex-Position.webp,https://www.christianfriendlysexpositions.com/wp-content/uploads/Camel-Style-Sex-Position-720x400.webp
Meet N’ Greet Sex Position,https://www.christianfriendlysexpositions.com/meet-n-greet/,Meet-N-Greet-Sex-Position.webp,https://www.christianfriendlysexpositions.com/wp-content/uploads/Meet-N-Greet-Sex-Position-720x400.webp
Deep Victory Sex Position,https://www.christianfriendlysexpositions.com/deep-victory/,Deep-Victory-Sex-Position.webp,https://www.christianfriendlysexpositions.com/wp-content/uploads/Deep-Victory-Sex-Position-720x400.webp
Leap Frog Sex Position,https://www.christianfriendlysexpositions.com/leap-frog/,Leap-Frog-Sex-Position.webp,https://www.christianfriendlysexpositions.com/wp-content/uploads/Leap-Frog-Sex-Position-720x400.webp
Feast Cunnilingus Position,https://www.christianfriendlysexpositions.com/feast/,Feast-Cunnilingus-Position.webp,https://www.christianfriendlysexpositions.com/wp-content/uploads/Feast-Cunnilingus-Position-720x400.webp
Armrest Yes! Sex Position,https://www.christianfriendlysexpositions.com/armrest-yes/,Armrest-Yes-Sex-Position.webp,https://www.christianfriendlysexpositions.com/wp-content/uploads/Armrest-Yes-Sex-Position-720x400.webp
Trampoline Sex Position,https://www.christianfriendlysexpositions.com/trampoline/,Trampoline-Sex-Position.webp,https://www.christianfriendlysexpositions.com/wp-content/uploads/Trampoline-Sex-Position-720x400.webp
Bicycle Sex Position,https://www.christianfriendlysexpositions.com/bicycle/,Bicycle-Sex-Position.webp,https://www.christianfriendlysexpositions.com/wp-content/uploads/Bicycle-Sex-Position-720x400.webp
Doggy on the Couch Sex Position,https://www.christianfriendlysexpositions.com/doggy-on-the-couch/,Doggy-on-the-Couch-Sex-Position.webp,https://www.christianfriendlysexpositions.com/wp-content/uploads/Doggy-on-the-Couch-Sex-Position-720x400.webp
Harp Sex Position,https://www.christianfriendlysexpositions.com/harp/,Harp-Sex-Position.webp,https://www.christianfriendlysexpositions.com/wp-content/uploads/Harp-Sex-Position-720x400.webp
Sledge Sex Position,https://www.christianfriendlysexpositions.com/sledge/,Sledge-Sex-Position.webp,https://www.christianfriendlysexpositions.com/wp-content/uploads/Sledge-Sex-Position-720x400.webp
Dart Sex Position,https://www.christianfriendlysexpositions.com/dart/,Dart-Sex-Position.webp,https://www.christianfriendlysexpositions.com/wp-content/uploads/Dart-Sex-Position-720x400.webp
Hot Seat Cunnilingus Position,https://www.christianfriendlysexpositions.com/hot-seat/,Hot-Seat-Cunnilingus-Position.webp,https://www.christianfriendlysexpositions.com/wp-content/uploads/Hot-Seat-Cunnilingus-Position-720x400.webp
Cowgirl Squeeze Sex Position,https://www.christianfriendlysexpositions.com/cowgirl-squeeze/,Cowgirl-Squeeze-Sex-Position.webp,https://www.christianfriendlysexpositions.com/wp-content/uploads/Cowgirl-Squeeze-Sex-Position-720x400.webp
Twisted Mrs. Sex Position,https://www.christianfriendlysexpositions.com/twisted-mrs/,Twisted-Mrs-Sex-Position.webp,https://www.christianfriendlysexpositions.com/wp-content/uploads/Twisted-Mrs-Sex-Position-720x400.webp
All Yours Cunnilingus Position,https://www.christianfriendlysexpositions.com/all-yours/,All-Yours-Cunnilingus-Position.webp,https://www.christianfriendlysexpositions.com/wp-content/uploads/All-Yours-Cunnilingus-Position-720x400.webp
Straight Back Sex Position,https://www.christianfriendlysexpositions.com/straight-back/,Straight-Back-Sex-Position.webp,https://www.christianfriendlysexpositions.com/wp-content/uploads/Straight-Back-Sex-Position-720x400.webp
69 Edge of the Bed Oral Sex Position,https://www.christianfriendlysexpositions.com/69-edge-of-the-bed/,69-Edge-of-the-Bed-Oral-Sex-Position.webp,https://www.christianfriendlysexpositions.com/wp-content/uploads/69-Edge-of-the-Bed-Oral-Sex-Position-720x400.webp
Mutual Manual Stimulation Position,https://www.christianfriendlysexpositions.com/mutual/,Mutual-Manual-Stimulation-Position.webp,https://www.christianfriendlysexpositions.com/wp-content/uploads/Mutual-Manual-Stimulation-Position-720x400.webp
Hula Bula Sex Position,https://www.christianfriendlysexpositions.com/hula-bula/,Hula-Bula-Sex-Position.webp,https://www.christianfriendlysexpositions.com/wp-content/uploads/Hula-Bula-Sex-Position-720x400.webp
Spoon Sex Position,https://www.christianfriendlysexpositions.com/spoon/,Spoon-Sex-Position.webp,https://www.christianfriendlysexpositions.com/wp-content/uploads/Spoon-Sex-Position-720x400.webp
Sideways Champion Sex Position,https://www.christianfriendlysexpositions.com/sideways-champion/,Sideways-Champion-Sex-Position.webp,https://www.christianfriendlysexpositions.com/wp-content/uploads/Sideways-Champion-Sex-Position-720x400.webp
Lazy Wheelbarrow Sex Position,https://www.christianfriendlysexpositions.com/lazy-wheelbarrow/,Lazy-Wheelbarrow-Sex-Position.webp,https://www.christianfriendlysexpositions.com/wp-content/uploads/Lazy-Wheelbarrow-Sex-Position-720x400.webp
Couchtastic Sex Position,https://www.christianfriendlysexpositions.com/couchtastic/,Couchtastic-Sex-Position.webp,https://www.christianfriendlysexpositions.com/wp-content/uploads/Couchtastic-Sex-Position-720x400.webp
Octopus Sex Position,https://www.christianfriendlysexpositions.com/octopus/,Octopus-Sex-Position.webp,https://www.christianfriendlysexpositions.com/wp-content/uploads/Octopus-Sex-Position-720x400.webp
Plinth Sex Position,https://www.christianfriendlysexpositions.com/plinth/,Plinth-Sex-Position.webp,https://www.christianfriendlysexpositions.com/wp-content/uploads/Plinth-Sex-Position-720x400.webp
Stand and Deliver Sex Position,https://www.christianfriendlysexpositions.com/stand-and-deliver/,Stand-and-Deliver-Sex-Position.webp,https://www.christianfriendlysexpositions.com/wp-content/uploads/Stand-and-Deliver-Sex-Position-720x400.webp
Comfy Sex Position,https://www.christianfriendlysexpositions.com/comfy/,Comfy-Sex-Position.webp,https://www.christianfriendlysexpositions.com/wp-content/uploads/Comfy-Sex-Position-720x400.webp
Ohhh! Sex Position,https://www.christianfriendlysexpositions.com/ohhh/,Ohhh-Sex-Position.webp,https://www.christianfriendlysexpositions.com/wp-content/uploads/Ohhh-Sex-Position-720x400.webp
Slide On Down Blowjob Position,https://www.christianfriendlysexpositions.com/slide-on-down/,Slide-On-Down-Blowjob-Position.webp,https://www.christianfriendlysexpositions.com/wp-content/uploads/Slide-On-Down-Fellatio-Position-720x400.webp
Lazy Cowgirl Sex Position,https://www.christianfriendlysexpositions.com/lazy-cowgirl/,Lazy-Cowgirl-Sex-Position.webp,https://www.christianfriendlysexpositions.com/wp-content/uploads/Lazy-Cowgirl-Sex-Position-720x400.webp
Open Sesame Sex Position,https://www.christianfriendlysexpositions.com/open-sesame/,Open-Sesame-Sex-Position.webp,https://www.christianfriendlysexpositions.com/wp-content/uploads/Open-Sesame-Sex-Position-720x400.webp
See-Saw Sex Position,https://www.christianfriendlysexpositions.com/see-saw/,See-Saw-Sex-Position.webp,https://www.christianfriendlysexpositions.com/wp-content/uploads/See-Saw-Sex-Position-720x400.webp
Bent Spoon Sex Position,https://www.christianfriendlysexpositions.com/bent-spoon/,Bent-Spoon-Sex-Position.webp,https://www.christianfriendlysexpositions.com/wp-content/uploads/Bent-Spoon-Sex-Position-720x400.webp
Super Missionary Sex Position,https://www.christianfriendlysexpositions.com/super-missionary/,Super-Missionary-Sex-Position.webp,https://www.christianfriendlysexpositions.com/wp-content/uploads/Super-Missionary-Sex-Position-720x400.webp
Exposed Eagle Sex Position,https://www.christianfriendlysexpositions.com/exposed-eagle/,Exposed-Eagle-Sex-Position.webp,https://www.christianfriendlysexpositions.com/wp-content/uploads/Exposed-Eagle-Sex-Position-720x400.webp
Sandwich Sex Position,https://www.christianfriendlysexpositions.com/sandwich/,Sandwich-Sex-Position.webp,https://www.christianfriendlysexpositions.com/wp-content/uploads/Sandwich-Sex-Position-720x400.webp
High-Ridin’ Cowboy Sex Position,https://www.christianfriendlysexpositions.com/high-ridin-cowboy/,High-Ridin-Cowboy-Sex-Position.webp,https://www.christianfriendlysexpositions.com/wp-content/uploads/High-Ridin-Cowboy-Sex-Position-720x400.webp
Cowboy Sex Position,https://www.christianfriendlysexpositions.com/cowboy/,Cowboy-Sex-Position.webp,https://www.christianfriendlysexpositions.com/wp-content/uploads/Cowboy-Sex-Position-720x400.webp
Betty Rocker Sex Position,https://www.christianfriendlysexpositions.com/betty-rocker/,Betty-Rocker-Sex-Position.webp,https://www.christianfriendlysexpositions.com/wp-content/uploads/Betty-Rocker-Sex-Position-720x400.webp
Mastery Sex Position,https://www.christianfriendlysexpositions.com/mastery/,Mastery-Sex-Position.webp,https://www.christianfriendlysexpositions.com/wp-content/uploads/Mastery-Sex-Position-720x400.webp
Bouncing Spoon Sex Position,https://www.christianfriendlysexpositions.com/bouncing-spoon/,Bouncing-Spoon-Sex-Position.webp,https://www.christianfriendlysexpositions.com/wp-content/uploads/Bouncing-Spoon-Sex-Position-720x400.webp
Froggy Style Sex Position,https://www.christianfriendlysexpositions.com/froggy-style/,Froggy-Style-Sex-Position.webp,https://www.christianfriendlysexpositions.com/wp-content/uploads/Froggy-Style-Sex-Position-720x400.webp
Dessert Sex Position,https://www.christianfriendlysexpositions.com/dessert/,Dessert-Sex-Position.webp,https://www.christianfriendlysexpositions.com/wp-content/uploads/Dessert-Sex-Position-720x400.webp
Adapted Missionary Sex Position,https://www.christianfriendlysexpositions.com/adapted-missionary/,Adapted-Missionary-Sex-Position.webp,https://www.christianfriendlysexpositions.com/wp-content/uploads/Adapted-Missionary-Sex-Position-720x400.webp
Squashing the Deckchair Sex Position,https://www.christianfriendlysexpositions.com/squashing-the-deckchair/,Squashing-the-Deckchair-Sex-Position.webp,https://www.christianfriendlysexpositions.com/wp-content/uploads/Squashing-the-Deckchair-Sex-Position-720x400.webp
Couch Potato Cunnilingus Position,https://www.christianfriendlysexpositions.com/couch-potato/,Couch-Potato-Cunnilingus-Position.webp,https://www.christianfriendlysexpositions.com/wp-content/uploads/Couch-Potato-Cunnilingus-Position-720x400.webp
Laid-Back Reverse Cowgirl Sex Position,https://www.christianfriendlysexpositions.com/laid-back-reverse-cowgirl/,Laid-Back-Reverse-Cowgirl-Sex-Position.webp,https://www.christianfriendlysexpositions.com/wp-content/uploads/Laid-Back-Reverse-Cowgirl-Sex-Position-720x400.webp
Jiggle & Jam Sex Position,https://www.christianfriendlysexpositions.com/jiggle-jam/,Jiggle-Jam-Sex-Position.webp,https://www.christianfriendlysexpositions.com/wp-content/uploads/Jiggle-Jam-Sex-Position-720x400.webp
Reverse Grinding the Corn 2 Sex Position,https://www.christianfriendlysexpositions.com/reverse-grinding-the-corn-2/,Reverse-Grinding-the-Corn-2-Sex-Position.webp,https://www.christianfriendlysexpositions.com/wp-content/uploads/Reverse-Grinding-the-Corn-2-Sex-Position-720x400.webp
Right Angle 2 Sex Position,https://www.christianfriendlysexpositions.com/right-angle-2/,Right-Angle-2-Sex-Position.webp,https://www.christianfriendlysexpositions.com/wp-content/uploads/Right-Angle-2-Sex-Position-720x400.webp
Beep Beep Sex Position,https://www.christianfriendlysexpositions.com/beep-beep/,Beep-Beep-Sex-Position.webp,https://www.christianfriendlysexpositions.com/wp-content/uploads/Beep-Beep-Sex-Position-720x400.webp
Lunge Sex Position,https://www.christianfriendlysexpositions.com/lunge/,Lunge-Sex-Position.webp,https://www.christianfriendlysexpositions.com/wp-content/uploads/Lunge-Sex-Position-720x400.webp
Backseat Driver Sex Position,https://www.christianfriendlysexpositions.com/back-seat-driver/,Backseat-Driver-Sex-Position.webp,https://www.christianfriendlysexpositions.com/wp-content/uploads/Back-Seat-Driver-Sex-Position-720x400.webp
Jugghead Sex Position,https://www.christianfriendlysexpositions.com/jugghead/,Jugghead-Sex-Position.webp,https://www.christianfriendlysexpositions.com/wp-content/uploads/Jugghead-Sex-Position-720x400.webp
Corner Cowgirl Sex Position,https://www.christianfriendlysexpositions.com/corner-cowgirl/,Corner-Cowgirl-Sex-Position.webp,https://www.christianfriendlysexpositions.com/wp-content/uploads/Corner-Cowgirl-Sex-Position-720x400.webp
Dancer Sex Position,https://www.christianfriendlysexpositions.com/dancer/,Dancer-Sex-Position.webp,https://www.christianfriendlysexpositions.com/wp-content/uploads/Dancer-Sex-Position-720x400.webp
Amazon 2 Sex Position,https://www.christianfriendlysexpositions.com/amazon-2/,Amazon-2-Sex-Position.webp,https://www.christianfriendlysexpositions.com/wp-content/uploads/Amazon-2-Sex-Position-720x400.webp
Man On Fire Sex Position,https://www.christianfriendlysexpositions.com/man-on-fire/,Man-On-Fire-Sex-Position.webp,https://www.christianfriendlysexpositions.com/wp-content/uploads/Man-On-Fire-Sex-Position-720x400.webp
Sofa Surprise Sex Position,https://www.christianfriendlysexpositions.com/sofa-surprise/,Sofa-Surprise-Sex-Position.webp,https://www.christianfriendlysexpositions.com/wp-content/uploads/Sofa-Surprise-Sex-Position-720x400.webp
Delight Sex Position,https://www.christianfriendlysexpositions.com/delight/,Delight-Sex-Position.webp,https://www.christianfriendlysexpositions.com/wp-content/uploads/Delight-Sex-Position-720x400.webp
Fast Romp Sex Position,https://www.christianfriendlysexpositions.com/fast-romp/,Fast-Romp-Sex-Position.webp,https://www.christianfriendlysexpositions.com/wp-content/uploads/Fast-Romp-Sex-Position-720x400.webp
Ben Dover Sex Position,https://www.christianfriendlysexpositions.com/ben-dover/,Ben-Dover-Sex-Position.webp,https://www.christianfriendlysexpositions.com/wp-content/uploads/Ben-Dover-Sex-Position-720x400.webp
Dublin Shuffle Sex Position,https://www.christianfriendlysexpositions.com/dublin-shuffle/,Dublin-Shuffle-Sex-Position.webp,https://www.christianfriendlysexpositions.com/wp-content/uploads/Dublin-Shuffle-Sex-Position-720x400.webp
Turtle Sex Position,https://www.christianfriendlysexpositions.com/turtle/,Turtle-Sex-Position.webp,https://www.christianfriendlysexpositions.com/wp-content/uploads/Turtle-Sex-Position-720x400.webp
Hind-quarterly Review Sex Position,https://www.christianfriendlysexpositions.com/hind-quarterly-review/,Hind-quarterly-Review-Sex-Position.webp,https://www.christianfriendlysexpositions.com/wp-content/uploads/Hind-quarterly-Review-Sex-Position-720x400.webp
Rear-Ender Sex Position,https://www.christianfriendlysexpositions.com/rear-ender/,Rear-Ender-Sex-Position.webp,https://www.christianfriendlysexpositions.com/wp-content/uploads/Rear-Ender-Sex-Position-720x400.webp
I’ll Be Back Sex Position,https://www.christianfriendlysexpositions.com/ill-be-back/,Ill-Be-Back-Sex-Position.webp,https://www.christianfriendlysexpositions.com/wp-content/uploads/Ill-Be-Back-Sex-Position-720x400.webp
Lamaze Coach Sex Position,https://www.christianfriendlysexpositions.com/lamaze-coach/,Lamaze-Coach-Sex-Position.webp,https://www.christianfriendlysexpositions.com/wp-content/uploads/Lamaze-Coach-Sex-Position-720x400.webp
Laid Back Sex Position,https://www.christianfriendlysexpositions.com/laid-back/,Laid-Back-Sex-Position.webp,https://www.christianfriendlysexpositions.com/wp-content/uploads/Laid-Back-Sex-Position-720x400.webp
Night Crawler Sex Position,https://www.christianfriendlysexpositions.com/night-crawler/,Night-Crawler-Sex-Position.webp,https://www.christianfriendlysexpositions.com/wp-content/uploads/Night-Crawler-Sex-Position-720x400.webp
Divine Lift Sex Position,https://www.christianfriendlysexpositions.com/divine-lift/,Divine-Lift-Sex-Position.webp,https://www.christianfriendlysexpositions.com/wp-content/uploads/Divine-Lift-Sex-Position-720x400.webp
April Fool’s Paradise Sex Position,https://www.christianfriendlysexpositions.com/april-fools-paradise/,April-Fools-Paradise-Sex-Position.webp,https://www.christianfriendlysexpositions.com/wp-content/uploads/April-Fools-Paradise-Sex-Position-720x400.webp
Hobbyhorse Sex Position,https://www.christianfriendlysexpositions.com/hobbyhorse/,Hobbyhorse-Sex-Position.webp,https://www.christianfriendlysexpositions.com/wp-content/uploads/Hobbyhorse-Sex-Position-720x400.webp
Lazy Love Seat Sex Position,https://www.christianfriendlysexpositions.com/lazy-love-seat/,Lazy-Love-Seat-Sex-Position.webp,https://www.christianfriendlysexpositions.com/wp-content/uploads/Lazy-Love-Seat-Sex-Position-720x400.webp
Leg Slider Sex Position,https://www.christianfriendlysexpositions.com/leg-slider/,Leg-Slider-Sex-Position.webp,https://www.christianfriendlysexpositions.com/wp-content/uploads/Leg-Slider-Sex-Position-720x400.webp
Pilates Class Sex Position,https://www.christianfriendlysexpositions.com/pilates-class/,Pilates-Class-Sex-Position.webp,https://www.christianfriendlysexpositions.com/wp-content/uploads/Pilates-Class-Sex-Position-720x400.webp
Pedal Sex Position,https://www.christianfriendlysexpositions.com/pedal/,Pedal-Sex-Position.webp,https://www.christianfriendlysexpositions.com/wp-content/uploads/Pedal-Sex-Position-720x400.webp
When In Doubt Sex Position,https://www.christianfriendlysexpositions.com/when-in-doubt/,When-In-Doubt-Sex-Position.webp,https://www.christianfriendlysexpositions.com/wp-content/uploads/When-In-Doubt-Sex-Position-720x400.webp
Perpen-Dic-Ular Sex Position,https://www.christianfriendlysexpositions.com/perpen-dic-ular/,Perpen-Dic-Ular-Sex-Position.webp,https://www.christianfriendlysexpositions.com/wp-content/uploads/Perpen-Dic-Ular-Sex-Position-720x400.webp
Bounce Sex Position,https://www.christianfriendlysexpositions.com/bounce/,Bounce-Sex-Position.webp,https://www.christianfriendlysexpositions.com/wp-content/uploads/Bounce-Sex-Position-720x400.webp
Extension Cord Sex Position,https://www.christianfriendlysexpositions.com/extension-cord/,Extension-Cord-Sex-Position.webp,https://www.christianfriendlysexpositions.com/wp-content/uploads/Extension-Cord-Sex-Position-720x400.webp
Packing the Suitcase Sex Position,https://www.christianfriendlysexpositions.com/packing-the-suitcase/,Packing-the-Suitcase-Sex-Position.webp,https://www.christianfriendlysexpositions.com/wp-content/uploads/Packing-the-Suitcase-Sex-Position-720x400.webp
Swing Fling Sex Position,https://www.christianfriendlysexpositions.com/swing-fling/,Swing-Fling-Sex-Position.webp,https://www.christianfriendlysexpositions.com/wp-content/uploads/Swing-Fling-Sex-Position-720x400.webp
Stargazer Sex Position,https://www.christianfriendlysexpositions.com/stargazer/,Stargazer-Sex-Position.webp,https://www.christianfriendlysexpositions.com/wp-content/uploads/Stargazer-Sex-Position-720x400.webp
"Oh, My! Sex Position",https://www.christianfriendlysexpositions.com/oh-my/,Oh-My-Sex-Position.webp,https://www.christianfriendlysexpositions.com/wp-content/uploads/Oh-My-Sex-Position-720x400.webp
No Elbows On the Table Sex Position,https://www.christianfriendlysexpositions.com/no-elbows-on-the-table/,No-Elbows-On-the-Table-Sex-Position.webp,https://www.christianfriendlysexpositions.com/wp-content/uploads/No-Elbows-On-the-Table-Sex-Position-720x400.webp
Bad Santa Sex Position,https://www.christianfriendlysexpositions.com/bad-santa/,Bad-Santa-Sex-Position.webp,https://www.christianfriendlysexpositions.com/wp-content/uploads/Bad-Santa-Sex-Position-720x400.webp
Breakfast At Tiffany’s Cunnilingus Position,https://www.christianfriendlysexpositions.com/breakfast-at-tiffanys/,Breakfast-At-Tiffanys-Cunnilingus-Position.webp,https://www.christianfriendlysexpositions.com/wp-content/uploads/Breakfast-At-Tiffanys-Cunnilingus-Position-720x400.webp
Otto-Man Sex Position,https://www.christianfriendlysexpositions.com/otto-man/,Otto-Man-Sex-Position.webp,https://www.christianfriendlysexpositions.com/wp-content/uploads/Otto-Man-Sex-Position-720x400.webp
Bringing Up the Rear Sex Position,https://www.christianfriendlysexpositions.com/bringing-up-the-rear/,Bringing-Up-the-Rear-Sex-Position.webp,https://www.christianfriendlysexpositions.com/wp-content/uploads/Bringing-Up-the-Rear-Sex-Position-720x400.webp
Blazing Saddles Cunnilingus Position,https://www.christianfriendlysexpositions.com/blazing-saddles/,Blazing-Saddles-Cunnilingus-Position.webp,https://www.christianfriendlysexpositions.com/wp-content/uploads/Blazing-Saddles-Cunnilingus-Position-720x400.webp
Very Happy Valentine’s Day Sex Position,https://www.christianfriendlysexpositions.com/very-happy-valentines-day/,Very-Happy-Valentines-Day-Sex-Position.webp,https://www.christianfriendlysexpositions.com/wp-content/uploads/Very-Happy-Valentines-Day-Sex-Position-720x400.webp
Edward Scissorlegs Sex Position,https://www.christianfriendlysexpositions.com/edward-scissorlegs/,Edward-Scissorlegs-Sex-Position.webp,https://www.christianfriendlysexpositions.com/wp-content/uploads/Edward-Scissorlegs-Sex-Position-720x400.webp
Fullback Sex Position,https://www.christianfriendlysexpositions.com/fullback/,Fullback-Sex-Position.webp,https://www.christianfriendlysexpositions.com/wp-content/uploads/Fullback-Sex-Position-720x400.webp
Dr. Scholl’s Day Off Sex Position,https://www.christianfriendlysexpositions.com/dr-scholls-day-off/,Dr-Scholls-Day-Off-Sex-Position.webp,https://www.christianfriendlysexpositions.com/wp-content/uploads/Dr-Scholls-Day-Off-Sex-Position-720x400.webp
Hand Jive Sex Position,https://www.christianfriendlysexpositions.com/hand-jive/,Hand-Jive-Sex-Position.webp,https://www.christianfriendlysexpositions.com/wp-content/uploads/Hand-Jive-Sex-Position-720x400.webp
Assist Sex Position,https://www.christianfriendlysexpositions.com/assist/,Assist-Sex-Position.webp,https://www.christianfriendlysexpositions.com/wp-content/uploads/Assist-Sex-Position-720x400.webp
Banana Split Sex Position,https://www.christianfriendlysexpositions.com/banana-split/,Banana-Split-Sex-Position.webp,https://www.christianfriendlysexpositions.com/wp-content/uploads/Banana-Split-Sex-Position-720x400.webp
Barcalounger Sex Position,https://www.christianfriendlysexpositions.com/barcalounger/,Barcalounger-Sex-Position.webp,https://www.christianfriendlysexpositions.com/wp-content/uploads/Barcalounger-Sex-Position-720x400.webp
Pink Flamingo Sex Position,https://www.christianfriendlysexpositions.com/the-pink-flamingo/,Pink-Flamingo-Sex-Position.webp,https://www.christianfriendlysexpositions.com/wp-content/uploads/Pink-Flamingo-Sex-Position-720x400.webp
Can You Feel Me Now? Sex Position,https://www.christianfriendlysexpositions.com/can-you-feel-me-now/,Can-You-Feel-Me-Now-Sex-Position.webp,https://www.christianfriendlysexpositions.com/wp-content/uploads/Can-You-Feel-Me-Now-Sex-Position-720x400.webp
Frame Job Sex Position,https://www.christianfriendlysexpositions.com/frame-job/,Frame-Job-Sex-Position.webp,https://www.christianfriendlysexpositions.com/wp-content/uploads/Frame-Job-Sex-Position-720x400.webp
Best View Sex Position,https://www.christianfriendlysexpositions.com/best-view/,Best-View-Sex-Position.webp,https://www.christianfriendlysexpositions.com/wp-content/uploads/Best-View-Sex-Position-720x400.webp
Flatiron Sex Position,https://www.christianfriendlysexpositions.com/flatiron/,Flatiron-Sex-Position.webp,https://www.christianfriendlysexpositions.com/wp-content/uploads/Flatiron-Sex-Position-720x400.webp
Foot In Mouth Sex Position,https://www.christianfriendlysexpositions.com/foot-in-mouth/,Foot-In-Mouth-Sex-Position.webp,https://www.christianfriendlysexpositions.com/wp-content/uploads/Foot-In-Mouth-Sex-Position-720x400.webp
Funky Monkey Sex Position,https://www.christianfriendlysexpositions.com/funky-monkey/,Funky-Monkey-Sex-Position.webp,https://www.christianfriendlysexpositions.com/wp-content/uploads/Funky-Monkey-Sex-Position-720x400.webp
Long Goodbye Sex Position,https://www.christianfriendlysexpositions.com/long-goodbye/,Long-Goodbye-Sex-Position.webp,https://www.christianfriendlysexpositions.com/wp-content/uploads/Long-Goodbye-Sex-Position-720x400.webp
Are Those Colored Contacts? Sex Position,https://www.christianfriendlysexpositions.com/are-those-colored-contacts/,Are-Those-Colored-Contacts-Sex-Position.webp,https://www.christianfriendlysexpositions.com/wp-content/uploads/Are-Those-Colored-Contacts-Sex-Position-720x400.webp
Edge of His Seat Sex Position,https://www.christianfriendlysexpositions.com/edge-of-his-seat/,Edge-of-His-Seat-Sex-Position.webp,https://www.christianfriendlysexpositions.com/wp-content/uploads/Edge-of-His-Seat-Sex-Position-720x400.webp
San Francisco Treat Cunnilingus Position,https://www.christianfriendlysexpositions.com/san-francisco-treat/,San-Francisco-Treat-Cunnilingus-Position.webp,https://www.christianfriendlysexpositions.com/wp-content/uploads/San-Francisco-Treat-Cunnilingus-Position-720x400.webp
Chimney Sweep Sex Position,https://www.christianfriendlysexpositions.com/chimney-sweep/,Chimney-Sweep-Sex-Position.webp,https://www.christianfriendlysexpositions.com/wp-content/uploads/Chimney-Sweep-Sex-Position-720x400.webp
Locked Cowgirl Sex Position,https://www.christianfriendlysexpositions.com/locked-cowgirl/,Locked-Cowgirl-Sex-Position.webp,https://www.christianfriendlysexpositions.com/wp-content/uploads/Locked-Cowgirl-Sex-Position-720x400.webp
Take Me Now Sex Position,https://www.christianfriendlysexpositions.com/take-me-now/,Take-Me-Now-Sex-Position.webp,https://www.christianfriendlysexpositions.com/wp-content/uploads/Take-Me-Now-Sex-Position-720x400.webp
Easy Rider Sex Position,https://www.christianfriendlysexpositions.com/easy-rider/,Easy-Rider-Sex-Position.webp,https://www.christianfriendlysexpositions.com/wp-content/uploads/Easy-Rider-Sex-Position-720x400.webp
Bridge 2 Oral Sex Position,https://www.christianfriendlysexpositions.com/bridge/,Bridge-2-Oral-Sex-Position.webp,https://www.christianfriendlysexpositions.com/wp-content/uploads/Bridge-2-Oral-Sex-Position-720x400.webp
Plow 2 Sex Position,https://www.christianfriendlysexpositions.com/plow-2/,Plow-2-Sex-Position.webp,https://www.christianfriendlysexpositions.com/wp-content/uploads/Plow-2-Sex-Position-720x400.webp
Divine Incline Cunnilingus Position,https://www.christianfriendlysexpositions.com/divine-incline/,Divine-Incline-Cunnilingus-Position.webp,https://www.christianfriendlysexpositions.com/wp-content/uploads/Divine-Incline-Cunnilingus-Position-720x400.webp
Her High Plane Sex Position,https://www.christianfriendlysexpositions.com/her-high-plane/,Her-High-Plane-Sex-Position.webp,https://www.christianfriendlysexpositions.com/wp-content/uploads/Her-High-Plane-Sex-Position-720x400.webp
Take Flight Sex Position,https://www.christianfriendlysexpositions.com/take-flight/,Take-Flight-Sex-Position.webp,https://www.christianfriendlysexpositions.com/wp-content/uploads/Take-Flight-Sex-Position-720x400.webp
High Rise Sex Position,https://www.christianfriendlysexpositions.com/high-rise/,High-Rise-Sex-Position.webp,https://www.christianfriendlysexpositions.com/wp-content/uploads/High-Rise-Sex-Position-720x400.webp
Heart to Heart Sex Position,https://www.christianfriendlysexpositions.com/heart-to-heart/,Heart-to-Heart-Sex-Position.webp,https://www.christianfriendlysexpositions.com/wp-content/uploads/Heart-to-Heart-Sex-Position-720x400.webp
Pedestal Sex Position,https://www.christianfriendlysexpositions.com/pedestal/,Pedestal-Sex-Position.webp,https://www.christianfriendlysexpositions.com/wp-content/uploads/Pedestal-Sex-Position-720x400.webp
Fulcrum Lift Sex Position,https://www.christianfriendlysexpositions.com/fulcrum-lift/,Fulcrum-Lift-Sex-Position.webp,https://www.christianfriendlysexpositions.com/wp-content/uploads/Fulcrum-Lift-Sex-Position-720x400.webp
Circle Driver Sex Position,https://www.christianfriendlysexpositions.com/circle-driver/,Circle-Driver-Sex-Position.webp,https://www.christianfriendlysexpositions.com/wp-content/uploads/Circle-Driver-Sex-Position-720x400.webp
Evolved Oral Cunnilingus Position,https://www.christianfriendlysexpositions.com/evolved-oral/,Evolved-Oral-Cunnilingus-Position.webp,https://www.christianfriendlysexpositions.com/wp-content/uploads/Evolved-Oral-Cunnilingus-Position-720x400.webp
Standing Ovation Sex Position,https://www.christianfriendlysexpositions.com/standing-ovation/,Standing-Ovation-Sex-Position.webp,https://www.christianfriendlysexpositions.com/wp-content/uploads/Standing-Ovation-Sex-Position-720x400.webp
Rodeo Sex Position,https://www.christianfriendlysexpositions.com/rodeo/,Rodeo-Sex-Position.webp,https://www.christianfriendlysexpositions.com/wp-content/uploads/Rodeo-Sex-Position-720x400.webp
Down Low Sex Position,https://www.christianfriendlysexpositions.com/down-low/,Down-Low-Sex-Position.webp,https://www.christianfriendlysexpositions.com/wp-content/uploads/Down-Low-Sex-Position-720x400.webp
Reverse Cowgirl Rocker Sex Position,https://www.christianfriendlysexpositions.com/reverse-cowgirl-rocker/,Reverse-Cowgirl-Rocker-Sex-Position.webp,https://www.christianfriendlysexpositions.com/wp-content/uploads/Reverse-Cowgirl-Rocker-Sex-Position-720x400.webp
Suspended Congress Sex Position,https://www.christianfriendlysexpositions.com/suspended-congress/,Suspended-Congress-Sex-Position.webp,https://www.christianfriendlysexpositions.com/wp-content/uploads/Suspended-Congress-Sex-Position-720x400.webp
Backwards Slide Sex Position,https://www.christianfriendlysexpositions.com/backwards-slide/,Backwards-Slide-Sex-Position.webp,https://www.christianfriendlysexpositions.com/wp-content/uploads/Backwards-Slide-Sex-Position-720x400.webp
Tominagi Sex Position,https://www.christianfriendlysexpositions.com/tominagi/,Tominagi-Sex-Position.webp,https://www.christianfriendlysexpositions.com/wp-content/uploads/Tominagi-Sex-Position-720x400.webp
Indian Headstand Sex Position,https://www.christianfriendlysexpositions.com/indian-headstand/,Indian-Headstand-Sex-Position.webp,https://www.christianfriendlysexpositions.com/wp-content/uploads/Indian-Headstand-Sex-Position-720x400.webp
Waterfall Sex Position,https://www.christianfriendlysexpositions.com/waterfall/,Waterfall-Sex-Position.webp,https://www.christianfriendlysexpositions.com/wp-content/uploads/Waterfall-Sex-Position-720x400.webp
Crisscross Sex Position,https://www.christianfriendlysexpositions.com/crisscross/,Crisscross-Sex-Position.webp,https://www.christianfriendlysexpositions.com/wp-content/uploads/Crisscross-Sex-Position-720x400.webp
Sidekick Sex Position,https://www.christianfriendlysexpositions.com/sidekick/,Sidekick-Sex-Position.webp,https://www.christianfriendlysexpositions.com/wp-content/uploads/Sidekick-Sex-Position-720x400.webp
Toad Sex Position,https://www.christianfriendlysexpositions.com/toad/,Toad-Sex-Position.webp,https://www.christianfriendlysexpositions.com/wp-content/uploads/Toad-Sex-Position-720x400.webp
From Behind Sex Position,https://www.christianfriendlysexpositions.com/from-behind/,From-Behind-Sex-Position.webp,https://www.christianfriendlysexpositions.com/wp-content/uploads/From-Behind-Sex-Position-720x400.webp
Thigh Master Sex Position,https://www.christianfriendlysexpositions.com/thigh-master/,Thigh-Master-Sex-Position.webp,https://www.christianfriendlysexpositions.com/wp-content/uploads/Thigh-Master-Sex-Position-720x400.webp
Lap Top Sex Position,https://www.christianfriendlysexpositions.com/lap-top/,Lap-Top-Sex-Position.webp,https://www.christianfriendlysexpositions.com/wp-content/uploads/Lap-Top-Sex-Position-720x400.webp
Shoulder Stand Sex Position,https://www.christianfriendlysexpositions.com/shoulder-stand/,Shoulder-Stand-Sex-Position.webp,https://www.christianfriendlysexpositions.com/wp-content/uploads/Shoulder-Stand-Sex-Position-720x400.webp
Indrani Sex Position,https://www.christianfriendlysexpositions.com/indrani/,Indrani-Sex-Position.webp,https://www.christianfriendlysexpositions.com/wp-content/uploads/Indrani-Sex-Position-720x400.webp
Right Angle Sex Position,https://www.christianfriendlysexpositions.com/right-angle/,Right-Angle-Sex-Position.webp,https://www.christianfriendlysexpositions.com/wp-content/uploads/Right-Angle-Sex-Position-720x400.webp
Shoulder Holder Sex Position,https://www.christianfriendlysexpositions.com/shoulder-holder/,Shoulder-Holder-Sex-Position.webp,https://www.christianfriendlysexpositions.com/wp-content/uploads/Shoulder-Holder-Sex-Position-720x400.webp
Whisper Sex Position,https://www.christianfriendlysexpositions.com/whisper/,Whisper-Sex-Position.webp,https://www.christianfriendlysexpositions.com/wp-content/uploads/Whisper-Sex-Position-720x400.webp
Basket Sex Position,https://www.christianfriendlysexpositions.com/basket/,Basket-Sex-Position.webp,https://www.christianfriendlysexpositions.com/wp-content/uploads/Basket-Sex-Position-720x400.webp
Stair Master Sex Position,https://www.christianfriendlysexpositions.com/stair-master/,Stair-Master-Sex-Position.webp,https://www.christianfriendlysexpositions.com/wp-content/uploads/Stair-Master-Sex-Position-720x400.webp
Spider Sex Position,https://www.christianfriendlysexpositions.com/spider/,Spider-Sex-Position.webp,https://www.christianfriendlysexpositions.com/wp-content/uploads/Spider-Sex-Position-720x400.webp
Column Sex Position,https://www.christianfriendlysexpositions.com/column/,Column-Sex-Position.webp,https://www.christianfriendlysexpositions.com/wp-content/uploads/Column-Sex-Position-720x400.webp
Usual Blowjob Position,https://www.christianfriendlysexpositions.com/usual/,Usual-Blowjob-Position.webp,https://www.christianfriendlysexpositions.com/wp-content/uploads/Usual-Fellatio-Position-720x400.webp
Throat Swab Blowjob Position,https://www.christianfriendlysexpositions.com/throat-swab/,Throat-Swab-Blowjob-Position.webp,https://www.christianfriendlysexpositions.com/wp-content/uploads/Throat-Swab-Fellatio-Position-720x400.webp
Suplex – His Blowjob Position,https://www.christianfriendlysexpositions.com/suplex-his/,Suplex-His-Blowjob-Position.webp,https://www.christianfriendlysexpositions.com/wp-content/uploads/Suplex-His-Fellatio-Position-720x400.webp
Southern Exposure Blowjob Position,https://www.christianfriendlysexpositions.com/southern-exposure/,Southern-Exposure-Blowjob-Position.webp,https://www.christianfriendlysexpositions.com/wp-content/uploads/Southern-Exposure-Fellatio-Position-720x400.webp
Plumber Blowjob Position,https://www.christianfriendlysexpositions.com/plumber/,Plumber-Blowjob-Position.webp,https://www.christianfriendlysexpositions.com/wp-content/uploads/Plumber-Blowjob-Position-720x400.webp
Oral Therapy Blowjob Position,https://www.christianfriendlysexpositions.com/oral-therapy/,Oral-Therapy-Blowjob-Position.webp,https://www.christianfriendlysexpositions.com/wp-content/uploads/Oral-Therapy-Blowjob-Position-720x400.webp
Jack Hammer Blowjob Position,https://www.christianfriendlysexpositions.com/jack-hammer/,Jack-Hammer-Blowjob-Position.webp,https://www.christianfriendlysexpositions.com/wp-content/uploads/Jack-Hammer-Fellatio-Position-720x400.webp
Headrest Blowjob Position,https://www.christianfriendlysexpositions.com/head-rest/,Headrest-Blowjob-Position.webp,https://www.christianfriendlysexpositions.com/wp-content/uploads/Headrest-Fellatio-Position-720x400.webp
Game’s On Blowjob Position,https://www.christianfriendlysexpositions.com/games-on/,Games-On-Blowjob-Position.webp,https://www.christianfriendlysexpositions.com/wp-content/uploads/Games-On-Fellatio-Position-720x400.webp
In Her Face Blowjob Position,https://www.christianfriendlysexpositions.com/in-her-face/,In-Her-Face-Blowjob-Position.webp,https://www.christianfriendlysexpositions.com/wp-content/uploads/In-Her-Face-Fellatio-Position-720x400.webp
Cinema Stroke Blowjob Position,https://www.christianfriendlysexpositions.com/cinema-stroke/,Cinema-Stroke-Blowjob-Position.webp,https://www.christianfriendlysexpositions.com/wp-content/uploads/Cinema-Stroke-Fellatio-Position-720x400.webp
Atten-hut Blowjob Position,https://www.christianfriendlysexpositions.com/atten-hut/,Atten-hut-Blowjob-Position.webp,https://www.christianfriendlysexpositions.com/wp-content/uploads/Atten-hut-Fellatio-Position-720x400.webp
68 – His Blowjob Position,https://www.christianfriendlysexpositions.com/68-his/,68-His-Blowjob-Position.webp,https://www.christianfriendlysexpositions.com/wp-content/uploads/68-His-Fellatio-Position-720x400.webp
Under the Sink Cunnilingus Position,https://www.christianfriendlysexpositions.com/under-the-sink/,Under-the-Sink-Cunnilingus-Position.webp,https://www.christianfriendlysexpositions.com/wp-content/uploads/Under-the-Sink-Cunnilingus-Position-720x400.webp
Under the Hood Cunnilingus Position,https://www.christianfriendlysexpositions.com/under-the-hood/,Under-the-Hood-Cunnilingus-Position.webp,https://www.christianfriendlysexpositions.com/wp-content/uploads/Under-the-Hood-Cunnilingus-Position-720x400.webp
Under the Cuckoo’s Nest Cunnilingus Position,https://www.christianfriendlysexpositions.com/under-the-cuckoos-nest/,Under-the-Cuckoos-Nest-Cunnilingus-Position.webp,https://www.christianfriendlysexpositions.com/wp-content/uploads/Under-the-Cuckoos-Nest-Cunnilingus-Position-720x400.webp
Suplex – Her Cunnilingus Position,https://www.christianfriendlysexpositions.com/suplex-her/,Suplex-Her-Cunnilingus-Position.webp,https://www.christianfriendlysexpositions.com/wp-content/uploads/Suplex-Her-Cunnilingus-Position-720x400.webp
Spread Eagle Cunnilingus Position,https://www.christianfriendlysexpositions.com/spread-eagle/,Spread-Eagle-Cunnilingus-Position.webp,https://www.christianfriendlysexpositions.com/wp-content/uploads/Spread-Eagle-Cunnilingus-Position-720x400.webp
Scarf Cunnilingus Position,https://www.christianfriendlysexpositions.com/scarf/,Scarf-Cunnilingus-Position.webp,https://www.christianfriendlysexpositions.com/wp-content/uploads/Scarf-Cunnilingus-Position-720x400.webp
Riding the South Face Cunnilingus Position,https://www.christianfriendlysexpositions.com/riding-the-south-face/,Riding-the-South-Face-Cunnilingus-Position.webp,https://www.christianfriendlysexpositions.com/wp-content/uploads/Riding-the-South-Face-Cunnilingus-Position-720x400.webp
Riding the North Face Cunnilingus Position,https://www.christianfriendlysexpositions.com/riding-the-north-face/,Riding-the-North-Face-Cunnilingus-Position.webp,https://www.christianfriendlysexpositions.com/wp-content/uploads/Riding-the-North-Face-Cunnilingus-Position-720x400.webp
Pie in the Sky Cunnilingus Position,https://www.christianfriendlysexpositions.com/pie-in-the-sky/,Pie-in-the-Sky-Cunnilingus-Position.webp,https://www.christianfriendlysexpositions.com/wp-content/uploads/Pie-in-the-Sky-Cunnilingus-Position-720x400.webp
Licking the Flag Pole Cunnilingus Position,https://www.christianfriendlysexpositions.com/licking-the-flag-pole/,Licking-the-Flag-Pole-Cunnilingus-Position.webp,https://www.christianfriendlysexpositions.com/wp-content/uploads/Licking-the-Flag-Pole-Cunnilingus-Position-720x400.webp
Forbidden Fruit Cunnilingus Position,https://www.christianfriendlysexpositions.com/forbidden-fruit/,Forbidden-Fruit-Cunnilingus-Position.webp,https://www.christianfriendlysexpositions.com/wp-content/uploads/Forbidden-Fruit-Cunnilingus-Position-720x400.webp
Feedbag Cunnilingus Position,https://www.christianfriendlysexpositions.com/feedbag/,Feedbag-Cunnilingus-Position.webp,https://www.christianfriendlysexpositions.com/wp-content/uploads/Feedbag-Cunnilingus-Position-720x400.webp
Eve’s Ecstasy Cunnilingus Position,https://www.christianfriendlysexpositions.com/eves-ecstasy/,Eves-Ecstasy-Cunnilingus-Position.webp,https://www.christianfriendlysexpositions.com/wp-content/uploads/Eves-Ecstasy-Cunnilingus-Position-720x400.webp
Ear Muffs Cunnilingus Position,https://www.christianfriendlysexpositions.com/ear-muffs/,Ear-Muffs-Cunnilingus-Position.webp,https://www.christianfriendlysexpositions.com/wp-content/uploads/Ear-Muffs-Cunnilingus-Position-720x400.webp
Drive-thru Cunnilingus Position,https://www.christianfriendlysexpositions.com/drive-thru/,Drive-thru-Cunnilingus-Position.webp,https://www.christianfriendlysexpositions.com/wp-content/uploads/Drive-thru-Cunnilingus-Position-720x400.webp
Butler Cunnilingus Position,https://www.christianfriendlysexpositions.com/butler/,Butler-Cunnilingus-Position.webp,https://www.christianfriendlysexpositions.com/wp-content/uploads/Butler-Cunnilingus-Position-720x400.webp
68 – Hers Cunnilingus Position,https://www.christianfriendlysexpositions.com/68-hers/,68-Hers-Cunnilingus-Position.webp,https://www.christianfriendlysexpositions.com/wp-content/uploads/68-Hers-Cunnilingus-Position-720x400.webp
69 Sideways Oral Sex Position,https://www.christianfriendlysexpositions.com/69-sideways/,69-Sideways-Oral-Sex-Position.webp,https://www.christianfriendlysexpositions.com/wp-content/uploads/69-Sideways-Oral-Sex-Position-720x400.webp
69 Inverted Oral Sex Position,https://www.christianfriendlysexpositions.com/69-inverted/,69-Inverted-Oral-Sex-Position.webp,https://www.christianfriendlysexpositions.com/wp-content/uploads/69-Inverted-Oral-Sex-Position-720x400.webp
69 Oral Sex Position,https://www.christianfriendlysexpositions.com/69/,69-Oral-Sex-Position.webp,https://www.christianfriendlysexpositions.com/wp-content/uploads/69-Oral-Sex-Position-720x400.webp
Sphinx Sex Position,https://www.christianfriendlysexpositions.com/sphinx/,Sphinx-Sex-Position.webp,https://www.christianfriendlysexpositions.com/wp-content/uploads/Sphinx-Sex-Position-720x400.webp
Seated Ball Sex Position,https://www.christianfriendlysexpositions.com/seated-ball/,Seated-Ball-Sex-Position.webp,https://www.christianfriendlysexpositions.com/wp-content/uploads/Seated-Ball-Sex-Position-720x400.webp
Clasp Sex Position,https://www.christianfriendlysexpositions.com/clasp/,Clasp-Sex-Position.webp,https://www.christianfriendlysexpositions.com/wp-content/uploads/Clasp-Sex-Position-720x400.webp
Gallery Sex Position,https://www.christianfriendlysexpositions.com/gallery/,Gallery-Sex-Position.webp,https://www.christianfriendlysexpositions.com/wp-content/uploads/Gallery-Sex-Position-720x400.webp
Prone Tiger Sex Position,https://www.christianfriendlysexpositions.com/prone-tiger/,Prone-Tiger-Sex-Position.webp,https://www.christianfriendlysexpositions.com/wp-content/uploads/Prone-Tiger-Sex-Position-720x400.webp
Mermaid Sex Position,https://www.christianfriendlysexpositions.com/mermaid/,Mermaid-Sex-Position.webp,https://www.christianfriendlysexpositions.com/wp-content/uploads/Mermaid-Sex-Position-720x400.webp
Lotus Blossom Sex Position,https://www.christianfriendlysexpositions.com/lotus-blossom/,Lotus-Blossom-Sex-Position.webp,https://www.christianfriendlysexpositions.com/wp-content/uploads/Lotus-Blossom-Sex-Position-720x400.webp
Proposal Sex Position,https://www.christianfriendlysexpositions.com/proposal/,Proposal-Sex-Position.webp,https://www.christianfriendlysexpositions.com/wp-content/uploads/Proposal-Sex-Position-720x400.webp
Candle Sex Position,https://www.christianfriendlysexpositions.com/candle/,Candle-Sex-Position.webp,https://www.christianfriendlysexpositions.com/wp-content/uploads/Candle-Sex-Position-720x400.webp
Perch Sex Position,https://www.christianfriendlysexpositions.com/perch/,Perch-Sex-Position.webp,https://www.christianfriendlysexpositions.com/wp-content/uploads/Perch-Sex-Position-720x400.webp
Challenge Sex Position,https://www.christianfriendlysexpositions.com/challenge/,Challenge-Sex-Position.webp,https://www.christianfriendlysexpositions.com/wp-content/uploads/Challenge-Sex-Position-720x400.webp
Grip Sex Position,https://www.christianfriendlysexpositions.com/grip/,Grip-Sex-Position.webp,https://www.christianfriendlysexpositions.com/wp-content/uploads/Grip-Sex-Position-720x400.webp
G-Force Sex Position,https://www.christianfriendlysexpositions.com/g-force/,G-Force-Sex-Position.webp,https://www.christianfriendlysexpositions.com/wp-content/uploads/G-Force-Sex-Position-720x400.webp
Hinge Sex Position,https://www.christianfriendlysexpositions.com/hinge/,Hinge-Sex-Position.webp,https://www.christianfriendlysexpositions.com/wp-content/uploads/Hinge-Sex-Position-720x400.webp
Slip Sex Position,https://www.christianfriendlysexpositions.com/slip/,Slip-Sex-Position.webp,https://www.christianfriendlysexpositions.com/wp-content/uploads/Slip-Sex-Position-720x400.webp
Snail Sex Position,https://www.christianfriendlysexpositions.com/snail/,Snail-Sex-Position.webp,https://www.christianfriendlysexpositions.com/wp-content/uploads/Snail-Sex-Position-720x400.webp
Ship Sex Position,https://www.christianfriendlysexpositions.com/ship/,Ship-Sex-Position.webp,https://www.christianfriendlysexpositions.com/wp-content/uploads/Ship-Sex-Position-720x400.webp
Crossed Keys Sex Position,https://www.christianfriendlysexpositions.com/crossed-keys/,Crossed-Keys-Sex-Position.webp,https://www.christianfriendlysexpositions.com/wp-content/uploads/Crossed-Keys-Sex-Position-720x400.webp
Hound Sex Position,https://www.christianfriendlysexpositions.com/hound/,Hound-Sex-Position.webp,https://www.christianfriendlysexpositions.com/wp-content/uploads/Hound-Sex-Position-720x400.webp
Amazon Sex Position,https://www.christianfriendlysexpositions.com/amazon/,Amazon-Sex-Position.webp,https://www.christianfriendlysexpositions.com/wp-content/uploads/Amazon-Sex-Position-720x400.webp
Super 8 Sex Position,https://www.christianfriendlysexpositions.com/super-8/,Super-8-Sex-Position.webp,https://www.christianfriendlysexpositions.com/wp-content/uploads/Super-8-Sex-Position-720x400.webp
Triumph Arch Sex Position,https://www.christianfriendlysexpositions.com/triumph-arch/,Triumph-Arch-Sex-Position.webp,https://www.christianfriendlysexpositions.com/wp-content/uploads/Triumph-Arch-Sex-Position-720x400.webp
Star Sex Position,https://www.christianfriendlysexpositions.com/star/,Star-Sex-Position.webp,https://www.christianfriendlysexpositions.com/wp-content/uploads/Star-Sex-Position-720x400.webp
Eagle Sex Position,https://www.christianfriendlysexpositions.com/eagle/,Eagle-Sex-Position.webp,https://www.christianfriendlysexpositions.com/wp-content/uploads/Eagle-Sex-Position-720x400.webp
Rowing Boat Sex Position,https://www.christianfriendlysexpositions.com/rowing-boat/,Rowing-Boat-Sex-Position.webp,https://www.christianfriendlysexpositions.com/wp-content/uploads/Rowing-Boat-Sex-Position-720x400.webp
Fan Sex Position,https://www.christianfriendlysexpositions.com/fan/,Fan-Sex-Position.webp,https://www.christianfriendlysexpositions.com/wp-content/uploads/Fan-Sex-Position-720x400.webp
Rock’n Roller Sex Position,https://www.christianfriendlysexpositions.com/rockn-roller/,Rockn-Roller-Sex-Position.webp,https://www.christianfriendlysexpositions.com/wp-content/uploads/Rock-n-Roller-Sex-Position-720x400.webp
Bandoleer Sex Position,https://www.christianfriendlysexpositions.com/bandoleer/,Bandoleer-Sex-Position.webp,https://www.christianfriendlysexpositions.com/wp-content/uploads/Bandoleer-Sex-Position-720x400.webp
Magic Mountain Sex Position,https://www.christianfriendlysexpositions.com/magic-mountain/,Magic-Mountain-Sex-Position.webp,https://www.christianfriendlysexpositions.com/wp-content/uploads/Magic-Mountain-Sex-Position-720x400.webp
Squat Balance Sex Position,https://www.christianfriendlysexpositions.com/squat-balance/,Squat-Balance-Sex-Position.webp,https://www.christianfriendlysexpositions.com/wp-content/uploads/Squat-Balance-Sex-Position-720x400.webp
Lustful Leg Sex Position,https://www.christianfriendlysexpositions.com/lustful-leg/,Lustful-Leg-Sex-Position.webp,https://www.christianfriendlysexpositions.com/wp-content/uploads/Lustful-Leg-Sex-Position-720x400.webp
Reclining Lotus Sex Position,https://www.christianfriendlysexpositions.com/reclining-lotus/,Reclining-Lotus-Sex-Position.webp,https://www.christianfriendlysexpositions.com/wp-content/uploads/Reclining-Lotus-Sex-Position-720x400.webp
Deckchair Sex Position,https://www.christianfriendlysexpositions.com/deckchair/,Deckchair-Sex-Position.webp,https://www.christianfriendlysexpositions.com/wp-content/uploads/Deckchair-Sex-Position-720x400.webp
Kneel Sex Position,https://www.christianfriendlysexpositions.com/kneel/,Kneel-Sex-Position.webp,https://www.christianfriendlysexpositions.com/wp-content/uploads/Kneel-Sex-Position-720x400.webp
Peg Sex Position,https://www.christianfriendlysexpositions.com/peg/,Peg-Sex-Position.webp,https://www.christianfriendlysexpositions.com/wp-content/uploads/Peg-Sex-Position-720x400.webp
Plow Sex Position,https://www.christianfriendlysexpositions.com/plow/,Plow-Sex-Position.webp,https://www.christianfriendlysexpositions.com/wp-content/uploads/Plow-Sex-Position-720x400.webp
Glowing Juniper Sex Position,https://www.christianfriendlysexpositions.com/glowing-juniper/,Glowing-Juniper-Sex-Position.webp,https://www.christianfriendlysexpositions.com/wp-content/uploads/Glowing-Juniper-Sex-Position-720x400.webp
Frog Sex Position,https://www.christianfriendlysexpositions.com/frog/,Frog-Sex-Position.webp,https://www.christianfriendlysexpositions.com/wp-content/uploads/Frog-Sex-Position-720x400.webp
Dolphin Sex Position,https://www.christianfriendlysexpositions.com/dolphin/,Dolphin-Sex-Position.webp,https://www.christianfriendlysexpositions.com/wp-content/uploads/Dolphin-Sex-Position-720x400.webp
Hero Sex Position,https://www.christianfriendlysexpositions.com/hero/,Hero-Sex-Position.webp,https://www.christianfriendlysexpositions.com/wp-content/uploads/Hero-Sex-Position-720x400.webp
Crouching Tiger Sex Position,https://www.christianfriendlysexpositions.com/crouching-tiger/,Crouching-Tiger-Sex-Position.webp,https://www.christianfriendlysexpositions.com/wp-content/uploads/Crouching-Tiger-Sex-Position-720x400.webp
Seduction Sex Position,https://www.christianfriendlysexpositions.com/seduction/,Seduction-Sex-Position.webp,https://www.christianfriendlysexpositions.com/wp-content/uploads/Seduction-Sex-Position-720x400.webp
Double Decker Sex Position,https://www.christianfriendlysexpositions.com/double-decker/,Double-Decker-Sex-Position.webp,https://www.christianfriendlysexpositions.com/wp-content/uploads/Double-Decker-Sex-Position-720x400.webp
Close-up Sex Position,https://www.christianfriendlysexpositions.com/close-up/,Close-up-Sex-Position.webp,https://www.christianfriendlysexpositions.com/wp-content/uploads/Close-up-Sex-Position-720x400.webp
Clip Sex Position,https://www.christianfriendlysexpositions.com/the-clip/,Clip-Sex-Position.webp,https://www.christianfriendlysexpositions.com/wp-content/uploads/Clip-Sex-Position-720x400.webp
Bridge Sex Position,https://www.christianfriendlysexpositions.com/the-bridge/,Bridge-Sex-Position.webp,https://www.christianfriendlysexpositions.com/wp-content/uploads/Bridge-Sex-Position-720x400.webp
Curled Angel Sex Position,https://www.christianfriendlysexpositions.com/curled-angel/,Curled-Angel-Sex-Position.webp,https://www.christianfriendlysexpositions.com/wp-content/uploads/Curled-Angel-Sex-Position-720x400.webp
Splitting Bamboo Sex Position,https://www.christianfriendlysexpositions.com/splitting-bamboo/,Splitting-Bamboo-Sex-Position.webp,https://www.christianfriendlysexpositions.com/wp-content/uploads/Splitting-Bamboo-Sex-Position-720x400.webp
Ascent to Desire Sex Position,https://www.christianfriendlysexpositions.com/ascent-to-desire/,Ascent-to-Desire-Sex-Position.webp,https://www.christianfriendlysexpositions.com/wp-content/uploads/Ascent-to-Desire-Sex-Position-720x400.webp
Butterfly Sex Position,https://www.christianfriendlysexpositions.com/butterfly/,Butterfly-Sex-Position.webp,https://www.christianfriendlysexpositions.com/wp-content/uploads/Butterfly-Sex-Position-720x400.webp
Ape Sex Position,https://www.christianfriendlysexpositions.com/ape/,Ape-Sex-Position.webp,https://www.christianfriendlysexpositions.com/wp-content/uploads/Ape-Sex-Position-720x400.webp
Slide Sex Position,https://www.christianfriendlysexpositions.com/slide/,Slide-Sex-Position.webp,https://www.christianfriendlysexpositions.com/wp-content/uploads/Slide-Sex-Position-720x400.webp
Padlock Sex Position,https://www.christianfriendlysexpositions.com/padlock/,Padlock-Sex-Position.webp,https://www.christianfriendlysexpositions.com/wp-content/uploads/Padlock-Sex-Position-720x400.webp
Nirvana Sex Position,https://www.christianfriendlysexpositions.com/nirvana/,Nirvana-Sex-Position.webp,https://www.christianfriendlysexpositions.com/wp-content/uploads/Nirvana-Sex-Position-720x400.webp
X-Rated Sex Position,https://www.christianfriendlysexpositions.com/x-rated/,X-Rated-Sex-Position.webp,https://www.christianfriendlysexpositions.com/wp-content/uploads/X-Rated-Sex-Position-720x400.webp
Glowing Triangle Sex Position,https://www.christianfriendlysexpositions.com/glowing-triangle/,Glowing-Triangle-Sex-Position.webp,https://www.christianfriendlysexpositions.com/wp-content/uploads/Glowing-Triangle-Sex-Position-720x400.webp
Fantastic Rocking Horse Sex Position,https://www.christianfriendlysexpositions.com/fantastic-rocking-horse/,Fantastic-Rocking-Horse-Sex-Position.webp,https://www.christianfriendlysexpositions.com/wp-content/uploads/Fantastic-Rocking-Horse-Sex-Position-720x400.webp
Doggy Style Sex Position,https://www.christianfriendlysexpositions.com/doggy-style/,Doggy-Style-Sex-Position.webp,https://www.christianfriendlysexpositions.com/wp-content/uploads/Doggy-Style-Sex-Position-720x400.webp
Erotic V Sex Position,https://www.christianfriendlysexpositions.com/the-erotic-v/,Erotic-V-Sex-Position.webp,https://www.christianfriendlysexpositions.com/wp-content/uploads/Erotic-V-Sex-Position-720x400.webp
Cowgirl Sex Position,https://www.christianfriendlysexpositions.com/cowgirl/,Cowgirl-Sex-Position.webp,https://www.christianfriendlysexpositions.com/wp-content/uploads/Cowgirl-Sex-Position-720x400.webp
Reverse Grinding the Corn Sex Position,https://www.christianfriendlysexpositions.com/reverse-grinding-the-corn/,Reverse-Grinding-the-Corn-Sex-Position.webp,https://www.christianfriendlysexpositions.com/wp-content/uploads/Reverse-Grinding-the-Corn-Sex-Position-720x400.webp
Grinding the Corn Sex Position,https://www.christianfriendlysexpositions.com/grinding-the-corn/,Grinding-the-Corn-Sex-Position.webp,https://www.christianfriendlysexpositions.com/wp-content/uploads/Grinding-the-Corn-Sex-Position-720x400.webp
Missionary Sex Position,https://www.christianfriendlysexpositions.com/missionary/,Missionary-Sex-Position.webp,https://www.christianfriendlysexpositions.com/wp-content/uploads/Missionary-Sex-Position-720x400.webp
